{
  "train": {
    "prodigy": {
      "n": 52,
      "mae": 6.978108882904053,
      "rmse": 8.825976371765137,
      "r2": -46.71149444580078,
      "pearson": 0.04188171356935391
    },
    "mmgbsa": {
      "n": 0,
      "mae": NaN,
      "rmse": NaN,
      "r2": NaN,
      "pearson": NaN
    },
    "direct_latent": {
      "n": 44,
      "mae": 0.6554995179176331,
      "rmse": 1.438211441040039,
      "r2": -0.15633654594421387,
      "pearson": 0.39688515293603416
    },
    "corrected_prodigy": {
      "n": 44,
      "mae": 1.788241982460022,
      "rmse": 4.820558071136475,
      "r2": -11.99072551727295,
      "pearson": -0.0032892765489670045
    },
    "corrected_mmgbsa": {
      "n": 0,
      "mae": NaN,
      "rmse": NaN,
      "r2": NaN,
      "pearson": NaN
    }
  },
  "test": {
    "prodigy": {
      "n": 13,
      "mae": 7.672674179077148,
      "rmse": 10.499472618103027,
      "r2": -29.866668701171875,
      "pearson": -0.2679160951788748
    },
    "mmgbsa": {
      "n": 0,
      "mae": NaN,
      "rmse": NaN,
      "r2": NaN,
      "pearson": NaN
    },
    "direct_latent": {
      "n": 12,
      "mae": 3.571901559829712,
      "rmse": 4.695423126220703,
      "r2": -4.701292991638184,
      "pearson": -0.10692352911334223
    },
    "corrected_prodigy": {
      "n": 12,
      "mae": 8.590460777282715,
      "rmse": 15.27543830871582,
      "r2": -59.34082794189453,
      "pearson": 0.005380468551681687
    },
    "corrected_mmgbsa": {
      "n": 0,
      "mae": NaN,
      "rmse": NaN,
      "r2": NaN,
      "pearson": NaN
    }
  }
}