{
  "records_path": "src/bridging/generatedData/graphvae/PPB_Affinity_broad_pairuniq_train80_test20_views_force_mdiface_v3/md_closest_pair_patch/graph_records_interface.pt",
  "out_dir": "src/bridging/generatedData/graphvae/PPB_Affinity_broad_pairuniq_train80_test20_resample_matrix_v1/iface_SD_unsup_sd_dynamic_all_z8",
  "model_family": "vae_ridge",
  "mode": "SD",
  "supervision_mode": "unsupervised",
  "affinity_weight": 0.0,
  "target_policy": "sd_dynamic_all",
  "latent_dim": 8,
  "hidden_dim": 128,
  "num_layers": 3,
  "n_complexes": 1437,
  "n_repeats": 2,
  "n_splits": 5,
  "n_total_fits": 10,
  "val_fraction_of_trainval": 0.1875,
  "fold_metrics_csv": "src/bridging/generatedData/graphvae/PPB_Affinity_broad_pairuniq_train80_test20_resample_matrix_v1/iface_SD_unsup_sd_dynamic_all_z8/resample_fold_metrics.csv",
  "metric_summary": {
    "train_rmse": {
      "mean": 2.6455094091400198,
      "std": 0.047356980922868344,
      "min": 2.583658827497292,
      "max": 2.7291480499211334
    },
    "val_rmse": {
      "mean": 2.6387282532990426,
      "std": 0.1585140524565642,
      "min": 2.2769828667039724,
      "max": 2.8329054363041273
    },
    "test_rmse": {
      "mean": 2.6552443261317342,
      "std": 0.13105707887476564,
      "min": 2.4833155225813996,
      "max": 2.8663013489314535
    },
    "train_r2": {
      "mean": 0.0072192763746841805,
      "std": 0.009274922259136498,
      "min": 9.844040331385973e-05,
      "max": 0.030547504823634886
    },
    "val_r2": {
      "mean": -0.00415941155754288,
      "std": 0.013149685889684848,
      "min": -0.02233445041163029,
      "max": 0.022579642203033767
    },
    "test_r2": {
      "mean": -0.007053280820764163,
      "std": 0.0073192646450644895,
      "min": -0.01894451677110065,
      "max": 0.002829470428077907
    },
    "train_pearson_r": {
      "mean": 0.07427294554628446,
      "std": 0.05021693671742574,
      "min": 0.01600760537806909,
      "max": 0.1782796780542996
    },
    "val_pearson_r": {
      "mean": 0.0400416572317486,
      "std": 0.09949207394253959,
      "min": -0.10810400533522403,
      "max": 0.1684722942947404
    },
    "test_pearson_r": {
      "mean": 0.02929510160095915,
      "std": 0.05704813011061752,
      "min": -0.04167549167345943,
      "max": 0.1409324240406627
    },
    "test_train_rmse_gap": {
      "mean": 0.009734916991714516,
      "std": 0.16639138396061212,
      "min": -0.2458325273397337,
      "max": 0.2826425214341617
    },
    "train_val_rmse_gap": {
      "mean": -0.006781155840977026,
      "std": 0.1930237999203031,
      "min": -0.4212774797607035,
      "max": 0.20731855713049585
    }
  },
  "note": "Each fit retrains from scratch on a new outer split. Test metrics are outer-fold held-out metrics."
}