{
  "train": {
    "prodigy": {
      "n": 52,
      "mae": 6.978108882904053,
      "rmse": 8.825976371765137,
      "r2": -46.71149444580078,
      "pearson": 0.04188171356935391
    },
    "direct_latent": {
      "n": 27,
      "mae": 7.122499465942383,
      "rmse": 7.261617183685303,
      "r2": -26.595380783081055,
      "pearson": 0.08806966470101447
    },
    "corrected_prodigy": {
      "n": 27,
      "mae": 6.752932071685791,
      "rmse": 7.9887003898620605,
      "r2": -32.39811706542969,
      "pearson": -0.2161832570013726
    }
  },
  "test": {
    "prodigy": {
      "n": 13,
      "mae": 7.672674179077148,
      "rmse": 10.499472618103027,
      "r2": -29.866668701171875,
      "pearson": -0.2679160951788748
    },
    "direct_latent": {
      "n": 8,
      "mae": 6.411465167999268,
      "rmse": 6.91612434387207,
      "r2": -7.5619707107543945,
      "pearson": -0.017978660220696694
    },
    "corrected_prodigy": {
      "n": 8,
      "mae": 6.42209529876709,
      "rmse": 8.63521671295166,
      "r2": -12.347335815429688,
      "pearson": -0.0829096052260025
    }
  }
}