{
  "records_path": "src/bridging/generatedData/graphvae/PPB_Affinity_broad_pairuniq_train80_test20_views_force_mdiface_v3/md_closest_pair_patch/graph_records_interface.pt",
  "out_dir": "src/bridging/generatedData/graphvae/PPB_Affinity_broad_pairuniq_train80_test20_resample_matrix_v1/iface_S_unsup_shared_static_z8",
  "model_family": "vae_ridge",
  "mode": "S",
  "supervision_mode": "unsupervised",
  "affinity_weight": 0.0,
  "target_policy": "shared_static",
  "latent_dim": 8,
  "hidden_dim": 128,
  "num_layers": 3,
  "n_complexes": 1437,
  "n_repeats": 2,
  "n_splits": 5,
  "n_total_fits": 10,
  "val_fraction_of_trainval": 0.1875,
  "fold_metrics_csv": "src/bridging/generatedData/graphvae/PPB_Affinity_broad_pairuniq_train80_test20_resample_matrix_v1/iface_S_unsup_shared_static_z8/resample_fold_metrics.csv",
  "metric_summary": {
    "train_rmse": {
      "mean": 2.6364667406986606,
      "std": 0.04127075329098354,
      "min": 2.5855397604535506,
      "max": 2.707687625712043
    },
    "val_rmse": {
      "mean": 2.632047548407672,
      "std": 0.1636261147755176,
      "min": 2.256505018019317,
      "max": 2.819121687303414
    },
    "test_rmse": {
      "mean": 2.642654500582206,
      "std": 0.13261253465857625,
      "min": 2.4776415017713265,
      "max": 2.867394359875185
    },
    "train_r2": {
      "mean": 0.013903495460710092,
      "std": 0.011771844447476951,
      "min": 1.6908703126539137e-07,
      "max": 0.03305092799144771
    },
    "val_r2": {
      "mean": 0.0011954534021654361,
      "std": 0.011372463469170278,
      "min": -0.011152052788694133,
      "max": 0.030572852529200945
    },
    "test_r2": {
      "mean": 0.002483890379991527,
      "std": 0.012726255771455764,
      "min": -0.010461626035018101,
      "max": 0.03166601200914587
    },
    "train_pearson_r": {
      "mean": 0.12630120922408253,
      "std": 0.041791293953286075,
      "min": 0.06088000505308168,
      "max": 0.19205784566566025
    },
    "val_pearson_r": {
      "mean": 0.08386976425678887,
      "std": 0.055161010510941064,
      "min": 0.01675116513708786,
      "max": 0.22199024108722135
    },
    "test_pearson_r": {
      "mean": 0.07895724189767785,
      "std": 0.05348395285072468,
      "min": 0.01432338791349292,
      "max": 0.19475911734840118
    },
    "test_train_rmse_gap": {
      "mean": 0.006187759883545985,
      "std": 0.16379848465344604,
      "min": -0.22285516357519963,
      "max": 0.2818545994216346
    },
    "train_val_rmse_gap": {
      "mean": -0.004419192290988328,
      "std": 0.19393105973586053,
      "min": -0.4232992070674966,
      "max": 0.20761441426838223
    }
  },
  "note": "Each fit retrains from scratch on a new outer split. Test metrics are outer-fold held-out metrics."
}