{
  "train": {
    "prodigy": {
      "n": 52,
      "mae": 6.978108882904053,
      "rmse": 8.825976371765137,
      "r2": -46.71149444580078,
      "pearson": 0.04188171356935391
    },
    "mmgbsa": {
      "n": 0,
      "mae": NaN,
      "rmse": NaN,
      "r2": NaN,
      "pearson": NaN
    },
    "direct_latent": {
      "n": 27,
      "mae": 0.7151475548744202,
      "rmse": 1.2233737707138062,
      "r2": 0.21677231788635254,
      "pearson": 0.47322465402483826
    },
    "corrected_prodigy": {
      "n": 27,
      "mae": 1.7599173784255981,
      "rmse": 3.0343542098999023,
      "r2": -3.8183932304382324,
      "pearson": -0.05172868870673658
    },
    "corrected_mmgbsa": {
      "n": 0,
      "mae": NaN,
      "rmse": NaN,
      "r2": NaN,
      "pearson": NaN
    }
  },
  "test": {
    "prodigy": {
      "n": 13,
      "mae": 7.672674179077148,
      "rmse": 10.499472618103027,
      "r2": -29.866668701171875,
      "pearson": -0.2679160951788748
    },
    "mmgbsa": {
      "n": 0,
      "mae": NaN,
      "rmse": NaN,
      "r2": NaN,
      "pearson": NaN
    },
    "direct_latent": {
      "n": 8,
      "mae": 2.138517379760742,
      "rmse": 3.030599355697632,
      "r2": -0.6440126895904541,
      "pearson": -0.0651212026368714
    },
    "corrected_prodigy": {
      "n": 8,
      "mae": 4.815559387207031,
      "rmse": 6.261598110198975,
      "r2": -6.018083095550537,
      "pearson": -0.1518141531240449
    },
    "corrected_mmgbsa": {
      "n": 0,
      "mae": NaN,
      "rmse": NaN,
      "r2": NaN,
      "pearson": NaN
    }
  }
}