{
  "train": {
    "prodigy": {
      "n": 52,
      "mae": 6.978108882904053,
      "rmse": 8.825976371765137,
      "r2": -46.71149444580078,
      "pearson": 0.04188171356935391
    },
    "mmgbsa": {
      "n": 0,
      "mae": NaN,
      "rmse": NaN,
      "r2": NaN,
      "pearson": NaN
    },
    "direct_latent": {
      "n": 44,
      "mae": 0.8410135507583618,
      "rmse": 1.595051646232605,
      "r2": -0.4222903251647949,
      "pearson": 0.2636051846080939
    },
    "corrected_prodigy": {
      "n": 44,
      "mae": 1.718788981437683,
      "rmse": 2.5149152278900146,
      "r2": -2.5357820987701416,
      "pearson": 0.053346998212723845
    },
    "corrected_mmgbsa": {
      "n": 0,
      "mae": NaN,
      "rmse": NaN,
      "r2": NaN,
      "pearson": NaN
    }
  },
  "test": {
    "prodigy": {
      "n": 13,
      "mae": 7.672674179077148,
      "rmse": 10.499472618103027,
      "r2": -29.866668701171875,
      "pearson": -0.2679160951788748
    },
    "mmgbsa": {
      "n": 0,
      "mae": NaN,
      "rmse": NaN,
      "r2": NaN,
      "pearson": NaN
    },
    "direct_latent": {
      "n": 12,
      "mae": 3.6164138317108154,
      "rmse": 5.483788967132568,
      "r2": -6.7765212059021,
      "pearson": 0.07210227256985356
    },
    "corrected_prodigy": {
      "n": 12,
      "mae": 5.653196811676025,
      "rmse": 8.132063865661621,
      "r2": -16.101154327392578,
      "pearson": 0.02241957716677816
    },
    "corrected_mmgbsa": {
      "n": 0,
      "mae": NaN,
      "rmse": NaN,
      "r2": NaN,
      "pearson": NaN
    }
  }
}