{
  "records_path": "src/bridging/generatedData/graphvae/PPB_Affinity_broad_pairuniq_train80_test20_views_force_mdiface_v3/md_closest_pair_patch/graph_records_interface.pt",
  "out_dir": "src/bridging/generatedData/graphvae/PPB_Affinity_broad_pairuniq_train80_test20_resample_matrix_v1/iface_SD_unsup_sd_static_plus_dynamic_all_z16",
  "model_family": "vae_ridge",
  "mode": "SD",
  "supervision_mode": "unsupervised",
  "affinity_weight": 0.0,
  "target_policy": "sd_static_plus_dynamic_all",
  "latent_dim": 16,
  "hidden_dim": 128,
  "num_layers": 3,
  "n_complexes": 1437,
  "n_repeats": 2,
  "n_splits": 5,
  "n_total_fits": 10,
  "val_fraction_of_trainval": 0.1875,
  "fold_metrics_csv": "src/bridging/generatedData/graphvae/PPB_Affinity_broad_pairuniq_train80_test20_resample_matrix_v1/iface_SD_unsup_sd_static_plus_dynamic_all_z16/resample_fold_metrics.csv",
  "metric_summary": {
    "train_rmse": {
      "mean": 2.6430248618517544,
      "std": 0.04372120285259115,
      "min": 2.571223023194398,
      "max": 2.69974733079022
    },
    "val_rmse": {
      "mean": 2.6449989520020596,
      "std": 0.15811757875217716,
      "min": 2.272328279214103,
      "max": 2.8326354558364044
    },
    "test_rmse": {
      "mean": 2.6556836279457934,
      "std": 0.1349492889194387,
      "min": 2.4844896639710736,
      "max": 2.889880550632143
    },
    "train_r2": {
      "mean": 0.009056586424780466,
      "std": 0.007540597029895337,
      "min": 0.0002838565959702999,
      "max": 0.02265959074279289
    },
    "val_r2": {
      "mean": -0.008911266902293246,
      "std": 0.00995540819770726,
      "min": -0.0318367564135591,
      "max": 0.0001322076004532935
    },
    "test_r2": {
      "mean": -0.007263451119942965,
      "std": 0.006783719397903152,
      "min": -0.017809003517890165,
      "max": 0.0014847257819380344
    },
    "train_pearson_r": {
      "mean": 0.10068741451907223,
      "std": 0.04175727734003649,
      "min": 0.035033206754391914,
      "max": 0.15888546108179247
    },
    "val_pearson_r": {
      "mean": 0.017398156956963985,
      "std": 0.04470678914103313,
      "min": -0.04288531179593239,
      "max": 0.1111422504817046
    },
    "test_pearson_r": {
      "mean": 0.02090403389943647,
      "std": 0.05890270690830837,
      "min": -0.11244255901888657,
      "max": 0.1084188273813556
    },
    "test_train_rmse_gap": {
      "mean": 0.01265876609403871,
      "std": 0.17027141382572317,
      "min": -0.2070451226319996,
      "max": 0.318657527437745
    },
    "train_val_rmse_gap": {
      "mean": 0.001974090150304919,
      "std": 0.18570015103078433,
      "min": -0.41448591168058657,
      "max": 0.20759909393348153
    }
  },
  "note": "Each fit retrains from scratch on a new outer split. Test metrics are outer-fold held-out metrics."
}