{
  "records_path": "src/bridging/generatedData/graphvae/PPB_Affinity_broad_pairuniq_train80_test20_views_force_mdiface_v3/md_closest_pair_patch/graph_records_interface.pt",
  "out_dir": "src/bridging/generatedData/graphvae/PPB_Affinity_broad_pairuniq_train80_test20_resample_matrix_v1/iface_SD_unsup_sd_dynamic_all_z32",
  "model_family": "vae_ridge",
  "mode": "SD",
  "supervision_mode": "unsupervised",
  "affinity_weight": 0.0,
  "target_policy": "sd_dynamic_all",
  "latent_dim": 32,
  "hidden_dim": 128,
  "num_layers": 3,
  "n_complexes": 1437,
  "n_repeats": 2,
  "n_splits": 5,
  "n_total_fits": 10,
  "val_fraction_of_trainval": 0.1875,
  "fold_metrics_csv": "src/bridging/generatedData/graphvae/PPB_Affinity_broad_pairuniq_train80_test20_resample_matrix_v1/iface_SD_unsup_sd_dynamic_all_z32/resample_fold_metrics.csv",
  "metric_summary": {
    "train_rmse": {
      "mean": 2.6241882240086403,
      "std": 0.05415608065028409,
      "min": 2.548286340675757,
      "max": 2.7031404949003632
    },
    "val_rmse": {
      "mean": 2.6428514148926268,
      "std": 0.1621903894019306,
      "min": 2.2711113141080306,
      "max": 2.846819514578244
    },
    "test_rmse": {
      "mean": 2.6588621003482045,
      "std": 0.13077456876177615,
      "min": 2.4795214749201144,
      "max": 2.8824772047208294
    },
    "train_r2": {
      "mean": 0.0231619548170642,
      "std": 0.016618634134632628,
      "min": 0.002545838870682493,
      "max": 0.05271355303912495
    },
    "val_r2": {
      "mean": -0.0071621718358434675,
      "std": 0.01444315809917338,
      "min": -0.034121834505191684,
      "max": 0.014960708929713351
    },
    "test_r2": {
      "mean": -0.00989272664208346,
      "std": 0.01461051790841006,
      "min": -0.043256917416667706,
      "max": 0.0031868011421264386
    },
    "train_pearson_r": {
      "mean": 0.15476968719454057,
      "std": 0.06919131974190801,
      "min": 0.05453844826748674,
      "max": 0.2439097114049111
    },
    "val_pearson_r": {
      "mean": 0.014568035356247344,
      "std": 0.08878280099130582,
      "min": -0.11545425232685896,
      "max": 0.16845364808464802
    },
    "test_pearson_r": {
      "mean": 0.03466887501725082,
      "std": 0.04125555080897671,
      "min": -0.03501878156059764,
      "max": 0.0980038750995727
    },
    "test_train_rmse_gap": {
      "mean": 0.03467387633956398,
      "std": 0.16492728899939058,
      "min": -0.21808565212397113,
      "max": 0.3236306985596742
    },
    "train_val_rmse_gap": {
      "mean": 0.018663190883987067,
      "std": 0.20604277469877547,
      "min": -0.43202918079233266,
      "max": 0.2646795875510084
    }
  },
  "note": "Each fit retrains from scratch on a new outer split. Test metrics are outer-fold held-out metrics."
}