tag,model_family,family,subgroup,n_rows_pooled_test,n_complexes,pooled_test_rmse,pooled_test_mae,pooled_test_r,pooled_test_r2,mean_outer_test_rmse,std_outer_test_rmse,mean_outer_test_mae,std_outer_test_mae,mean_outer_test_r,std_outer_test_r,mean_outer_test_r2,std_outer_test_r2
full_base_S,supervised_baseline,full baseline,antibody_antigen,732,366,2.0483536225205192,1.6309861902330742,0.2920125289204329,0.0017018760498115348,2.040861829773017,0.23013383160956535,1.6375856918008918,0.20216412702036565,0.3251251976939291,0.0998911793126705,-0.008429741503427023,0.08735938697852318
full_base_S,supervised_baseline,full baseline,other,1932,966,2.5010109725504446,1.9376029948516909,0.4296612902167029,0.14041493368957203,2.498344148804771,0.13186030852743108,1.937950519994806,0.11147593830326559,0.43523635791669185,0.08265478049113013,0.12446938306069419,0.11837101686712763
full_base_S,supervised_baseline,full baseline,tcr_pmhc,210,105,1.663413652526301,1.3166405132838659,0.4663606672427,0.08821553751628441,1.6465339976565758,0.27932628477499427,1.3155190536883876,0.1762578521588168,0.43679535934923386,0.21676161694261173,-0.030171770290330902,0.2728284464205204
