{
  "records_path": "src/bridging/generatedData/graphvae/PPB_Affinity_broad_pairuniq_train80_test20_views_force_mdiface_v3/md_closest_pair_patch/graph_records_interface.pt",
  "out_dir": "src/bridging/generatedData/graphvae/PPB_Affinity_broad_pairuniq_train80_test20_resample_matrix_v1/iface_SD_semi_sd_static_plus_dynamic_all_z32",
  "model_family": "vae_ridge",
  "mode": "SD",
  "supervision_mode": "semi_supervised",
  "affinity_weight": 1.0,
  "target_policy": "sd_static_plus_dynamic_all",
  "latent_dim": 32,
  "hidden_dim": 128,
  "num_layers": 3,
  "n_complexes": 1437,
  "n_repeats": 2,
  "n_splits": 5,
  "n_total_fits": 10,
  "val_fraction_of_trainval": 0.1875,
  "fold_metrics_csv": "src/bridging/generatedData/graphvae/PPB_Affinity_broad_pairuniq_train80_test20_resample_matrix_v1/iface_SD_semi_sd_static_plus_dynamic_all_z32/resample_fold_metrics.csv",
  "metric_summary": {
    "train_rmse": {
      "mean": 1.761726621072566,
      "std": 0.2881498022754306,
      "min": 1.1999027923590426,
      "max": 2.048601345633826
    },
    "val_rmse": {
      "mean": 2.614485600466199,
      "std": 0.13918892321147794,
      "min": 2.4247810926620907,
      "max": 2.8513647405049807
    },
    "test_rmse": {
      "mean": 2.697412891379421,
      "std": 0.13910388726616638,
      "min": 2.4885911196412014,
      "max": 2.929985990348676
    },
    "train_r2": {
      "mean": 0.5492260239538396,
      "std": 0.13617079662115333,
      "min": 0.37221891851380995,
      "max": 0.7899720955850117
    },
    "val_r2": {
      "mean": 0.010058367007797641,
      "std": 0.089920230148595,
      "min": -0.22093378081131032,
      "max": 0.10668346592639177
    },
    "test_r2": {
      "mean": -0.0411307743508752,
      "std": 0.06900591538125152,
      "min": -0.133680311415312,
      "max": 0.05989486182694059
    },
    "train_pearson_r": {
      "mean": 0.7364945079288916,
      "std": 0.0898472220485764,
      "min": 0.6111611708332468,
      "max": 0.888853830919051
    },
    "val_pearson_r": {
      "mean": 0.318870190699915,
      "std": 0.0725991461786635,
      "min": 0.1834022484245543,
      "max": 0.42356226749536274
    },
    "test_pearson_r": {
      "mean": 0.2940570121172184,
      "std": 0.061893540271712275,
      "min": 0.14439486022659634,
      "max": 0.37588727158738033
    },
    "test_train_rmse_gap": {
      "mean": 0.9356862703068547,
      "std": 0.3318149504888626,
      "min": 0.5252909720628507,
      "max": 1.53090294817838
    },
    "train_val_rmse_gap": {
      "mean": 0.8527589793936332,
      "std": 0.32867704699642114,
      "min": 0.4678080888496603,
      "max": 1.5571953717016211
    }
  },
  "note": "Each fit retrains from scratch on a new outer split. Test metrics are outer-fold held-out metrics."
}