{
  "records_path": "src/bridging/generatedData/graphvae/PPB_Affinity_broad_pairuniq_train80_test20_views_force_mdiface_v3/md_closest_pair_patch/graph_records_interface.pt",
  "out_dir": "src/bridging/generatedData/graphvae/PPB_Affinity_broad_pairuniq_train80_test20_resample_matrix_v1/iface_SD_semi_sd_dynamic_all_z32",
  "model_family": "vae_ridge",
  "mode": "SD",
  "supervision_mode": "semi_supervised",
  "affinity_weight": 1.0,
  "target_policy": "sd_dynamic_all",
  "latent_dim": 32,
  "hidden_dim": 128,
  "num_layers": 3,
  "n_complexes": 1437,
  "n_repeats": 2,
  "n_splits": 5,
  "n_total_fits": 10,
  "val_fraction_of_trainval": 0.1875,
  "fold_metrics_csv": "src/bridging/generatedData/graphvae/PPB_Affinity_broad_pairuniq_train80_test20_resample_matrix_v1/iface_SD_semi_sd_dynamic_all_z32/resample_fold_metrics.csv",
  "metric_summary": {
    "train_rmse": {
      "mean": 1.6385263251082072,
      "std": 0.1979819937818604,
      "min": 1.3007936500699884,
      "max": 1.9702673040178238
    },
    "val_rmse": {
      "mean": 2.6631752519630387,
      "std": 0.1364872334668137,
      "min": 2.5192963010819946,
      "max": 2.8921533083120456
    },
    "test_rmse": {
      "mean": 2.68550120202953,
      "std": 0.14038068178043994,
      "min": 2.4743829058834583,
      "max": 2.8492477795040845
    },
    "train_r2": {
      "mean": 0.6131256555935856,
      "std": 0.09755157171035975,
      "min": 0.4337148513772596,
      "max": 0.7516102867621287
    },
    "val_r2": {
      "mean": -0.02899069522028628,
      "std": 0.11425163042098176,
      "min": -0.32284966919689784,
      "max": 0.07449309575008245
    },
    "test_r2": {
      "mean": -0.03216436497694723,
      "std": 0.07366260502954881,
      "min": -0.14031122698697307,
      "max": 0.09551542417111358
    },
    "train_pearson_r": {
      "mean": 0.781157248900963,
      "std": 0.06346233077662919,
      "min": 0.6592662752147007,
      "max": 0.8672205593210003
    },
    "val_pearson_r": {
      "mean": 0.3151115899249998,
      "std": 0.04963725529813887,
      "min": 0.20848956140416294,
      "max": 0.3859420702130886
    },
    "test_pearson_r": {
      "mean": 0.30757154838945594,
      "std": 0.05244028151143264,
      "min": 0.22784014959497972,
      "max": 0.3938609802299513
    },
    "test_train_rmse_gap": {
      "mean": 1.0469748769213223,
      "std": 0.2596063647229287,
      "min": 0.5542599776338635,
      "max": 1.509311468738099
    },
    "train_val_rmse_gap": {
      "mean": 1.0246489268548309,
      "std": 0.27208725851678756,
      "min": 0.6661793110078182,
      "max": 1.5913596582420573
    }
  },
  "note": "Each fit retrains from scratch on a new outer split. Test metrics are outer-fold held-out metrics."
}