{
  "train": {
    "prodigy": {
      "n": 52,
      "mae": 6.978108882904053,
      "rmse": 8.825976371765137,
      "r2": -46.71149444580078,
      "pearson": 0.04188171356935391
    },
    "mmgbsa": {
      "n": 0,
      "mae": NaN,
      "rmse": NaN,
      "r2": NaN,
      "pearson": NaN
    },
    "direct_latent": {
      "n": 44,
      "mae": 0.7522560358047485,
      "rmse": 1.5211836099624634,
      "r2": -0.2936059236526489,
      "pearson": 0.31383238127407304
    },
    "corrected_prodigy": {
      "n": 44,
      "mae": 1.6129368543624878,
      "rmse": 2.6107590198516846,
      "r2": -2.810415506362915,
      "pearson": 0.1578514396579652
    },
    "corrected_mmgbsa": {
      "n": 0,
      "mae": NaN,
      "rmse": NaN,
      "r2": NaN,
      "pearson": NaN
    }
  },
  "test": {
    "prodigy": {
      "n": 13,
      "mae": 7.672674179077148,
      "rmse": 10.499472618103027,
      "r2": -29.866668701171875,
      "pearson": -0.2679160951788748
    },
    "mmgbsa": {
      "n": 0,
      "mae": NaN,
      "rmse": NaN,
      "r2": NaN,
      "pearson": NaN
    },
    "direct_latent": {
      "n": 12,
      "mae": 2.396430492401123,
      "rmse": 4.234423637390137,
      "r2": -3.63673734664917,
      "pearson": 0.08687412317424752
    },
    "corrected_prodigy": {
      "n": 12,
      "mae": 9.443503379821777,
      "rmse": 18.007579803466797,
      "r2": -82.85609436035156,
      "pearson": 0.0622971709358392
    },
    "corrected_mmgbsa": {
      "n": 0,
      "mae": NaN,
      "rmse": NaN,
      "r2": NaN,
      "pearson": NaN
    }
  }
}