{
  "train": {
    "prodigy": {
      "n": 52,
      "mae": 6.978108882904053,
      "rmse": 8.825976371765137,
      "r2": -46.71149444580078,
      "pearson": 0.04188171356935391
    },
    "mmgbsa": {
      "n": 0,
      "mae": NaN,
      "rmse": NaN,
      "r2": NaN,
      "pearson": NaN
    },
    "direct_latent": {
      "n": 44,
      "mae": 0.6834381818771362,
      "rmse": 1.3068420886993408,
      "r2": 0.04526031017303467,
      "pearson": 0.4422276566182586
    },
    "corrected_prodigy": {
      "n": 44,
      "mae": 2.061840057373047,
      "rmse": 3.928640365600586,
      "r2": -7.628261566162109,
      "pearson": -0.03371008243446897
    },
    "corrected_mmgbsa": {
      "n": 0,
      "mae": NaN,
      "rmse": NaN,
      "r2": NaN,
      "pearson": NaN
    }
  },
  "test": {
    "prodigy": {
      "n": 13,
      "mae": 7.672674179077148,
      "rmse": 10.499472618103027,
      "r2": -29.866668701171875,
      "pearson": -0.2679160951788748
    },
    "mmgbsa": {
      "n": 0,
      "mae": NaN,
      "rmse": NaN,
      "r2": NaN,
      "pearson": NaN
    },
    "direct_latent": {
      "n": 12,
      "mae": 3.8261327743530273,
      "rmse": 6.616102695465088,
      "r2": -10.31952953338623,
      "pearson": -0.12444916316875183
    },
    "corrected_prodigy": {
      "n": 12,
      "mae": 10.289702415466309,
      "rmse": 15.805023193359375,
      "r2": -63.59727478027344,
      "pearson": -0.06168458936384351
    },
    "corrected_mmgbsa": {
      "n": 0,
      "mae": NaN,
      "rmse": NaN,
      "r2": NaN,
      "pearson": NaN
    }
  }
}