{
  "records_path": "src/bridging/generatedData/graphvae/PPB_Affinity_broad_pairuniq_train80_test20_views_force_mdiface_v3/md_closest_pair_patch/graph_records_interface.pt",
  "out_dir": "src/bridging/generatedData/graphvae/PPB_Affinity_broad_pairuniq_train80_test20_resample_matrix_v1/iface_base_SD",
  "model_family": "supervised_baseline",
  "mode": "SD",
  "supervision_mode": "supervised",
  "affinity_weight": null,
  "target_policy": null,
  "latent_dim": null,
  "hidden_dim": 128,
  "num_layers": 3,
  "n_complexes": 1437,
  "n_repeats": 2,
  "n_splits": 5,
  "n_total_fits": 10,
  "val_fraction_of_trainval": 0.1875,
  "fold_metrics_csv": "src/bridging/generatedData/graphvae/PPB_Affinity_broad_pairuniq_train80_test20_resample_matrix_v1/iface_base_SD/resample_fold_metrics.csv",
  "metric_summary": {
    "train_rmse": {
      "mean": 1.8874730664698665,
      "std": 0.22768217490074905,
      "min": 1.3593753845120633,
      "max": 2.1001266996165207
    },
    "val_rmse": {
      "mean": 2.5445063421859118,
      "std": 0.16500020607348662,
      "min": 2.286917879816808,
      "max": 2.8162845602297555
    },
    "test_rmse": {
      "mean": 2.5828878491415574,
      "std": 0.1366905117730208,
      "min": 2.354174538087578,
      "max": 2.8466454440928968
    },
    "train_r2": {
      "mean": 0.4865635670050339,
      "std": 0.117394726049762,
      "min": 0.35660769303550033,
      "max": 0.7414155600029524
    },
    "val_r2": {
      "mean": 0.06437735517571694,
      "std": 0.06927438637726653,
      "min": -0.027464127212892153,
      "max": 0.15601615522490653
    },
    "test_r2": {
      "mean": 0.0462806107143512,
      "std": 0.04892436297763045,
      "min": -0.02184803581088568,
      "max": 0.11552464243635141
    },
    "train_pearson_r": {
      "mean": 0.7037390184989649,
      "std": 0.08121412620025502,
      "min": 0.6044874531879576,
      "max": 0.8702112309506276
    },
    "val_pearson_r": {
      "mean": 0.34675556069188257,
      "std": 0.07298912684340127,
      "min": 0.23732972850514328,
      "max": 0.4436904642780909
    },
    "test_pearson_r": {
      "mean": 0.3347279500734108,
      "std": 0.03778727657659712,
      "min": 0.25753268405124446,
      "max": 0.37327696864820853
    },
    "test_train_rmse_gap": {
      "mean": 0.6954147826716917,
      "std": 0.2497266838362118,
      "min": 0.43164046501041553,
      "max": 1.228697704984523
    },
    "train_val_rmse_gap": {
      "mean": 0.6570332757160458,
      "std": 0.24020048749417086,
      "min": 0.2611245668684914,
      "max": 1.0899789950871848
    }
  },
  "note": "Each fit retrains from scratch on a new outer split. Test metrics are outer-fold held-out metrics."
}