{
  "train": {
    "prodigy": {
      "n": 52,
      "mae": 6.978108882904053,
      "rmse": 8.825976371765137,
      "r2": -46.71149444580078,
      "pearson": 0.04188171356935391
    },
    "mmgbsa": {
      "n": 0,
      "mae": NaN,
      "rmse": NaN,
      "r2": NaN,
      "pearson": NaN
    },
    "direct_latent": {
      "n": 44,
      "mae": 0.6193665862083435,
      "rmse": 1.1738808155059814,
      "r2": 0.22965240478515625,
      "pearson": 0.4979202991089824
    },
    "corrected_prodigy": {
      "n": 44,
      "mae": 1.7797706127166748,
      "rmse": 3.1359615325927734,
      "r2": -4.497689723968506,
      "pearson": -0.02803187865413857
    },
    "corrected_mmgbsa": {
      "n": 0,
      "mae": NaN,
      "rmse": NaN,
      "r2": NaN,
      "pearson": NaN
    }
  },
  "test": {
    "prodigy": {
      "n": 13,
      "mae": 7.672674179077148,
      "rmse": 10.499472618103027,
      "r2": -29.866668701171875,
      "pearson": -0.2679160951788748
    },
    "mmgbsa": {
      "n": 0,
      "mae": NaN,
      "rmse": NaN,
      "r2": NaN,
      "pearson": NaN
    },
    "direct_latent": {
      "n": 12,
      "mae": 2.1770365238189697,
      "rmse": 2.8007397651672363,
      "r2": -1.0284738540649414,
      "pearson": -0.4996615504758645
    },
    "corrected_prodigy": {
      "n": 12,
      "mae": 6.21936559677124,
      "rmse": 7.747425079345703,
      "r2": -14.52167797088623,
      "pearson": -0.00012645170944722132
    },
    "corrected_mmgbsa": {
      "n": 0,
      "mae": NaN,
      "rmse": NaN,
      "r2": NaN,
      "pearson": NaN
    }
  }
}