{
  "records_path": "src/bridging/generatedData/graphvae/PPB_Affinity_broad_pairuniq_train80_test20_views_force_mdiface_v3/md_closest_pair_patch/graph_records_interface.pt",
  "out_dir": "src/bridging/generatedData/graphvae/PPB_Affinity_broad_pairuniq_train80_test20_resample_matrix_v1/iface_SD_semi_shared_static_z16",
  "model_family": "vae_ridge",
  "mode": "SD",
  "supervision_mode": "semi_supervised",
  "affinity_weight": 1.0,
  "target_policy": "shared_static",
  "latent_dim": 16,
  "hidden_dim": 128,
  "num_layers": 3,
  "n_complexes": 1437,
  "n_repeats": 2,
  "n_splits": 5,
  "n_total_fits": 10,
  "val_fraction_of_trainval": 0.1875,
  "fold_metrics_csv": "src/bridging/generatedData/graphvae/PPB_Affinity_broad_pairuniq_train80_test20_resample_matrix_v1/iface_SD_semi_shared_static_z16/resample_fold_metrics.csv",
  "metric_summary": {
    "train_rmse": {
      "mean": 1.4619016355928205,
      "std": 0.3479469580946763,
      "min": 0.8297057813717028,
      "max": 1.9246344417285106
    },
    "val_rmse": {
      "mean": 2.622315944514041,
      "std": 0.16556446358641544,
      "min": 2.377692945118446,
      "max": 2.9260931455299026
    },
    "test_rmse": {
      "mean": 2.6455067470158133,
      "std": 0.10824858766557666,
      "min": 2.525018384887125,
      "max": 2.8408913125712214
    },
    "train_r2": {
      "mean": 0.6804913349614476,
      "std": 0.14055460296504232,
      "min": 0.4944819524590084,
      "max": 0.9058532359425409
    },
    "val_r2": {
      "mean": 0.005436527333168717,
      "std": 0.08254907327698058,
      "min": -0.1132169989493581,
      "max": 0.09893673591750152
    },
    "test_r2": {
      "mean": -0.001451196975542779,
      "std": 0.049157913545246915,
      "min": -0.07624004946523022,
      "max": 0.0763234609011818
    },
    "train_pearson_r": {
      "mean": 0.8211091510620762,
      "std": 0.08559185092207247,
      "min": 0.7033538971722325,
      "max": 0.9517855368749334
    },
    "val_pearson_r": {
      "mean": 0.338817794533429,
      "std": 0.06281292543163586,
      "min": 0.24281208419998696,
      "max": 0.4078383126889203
    },
    "test_pearson_r": {
      "mean": 0.33618711478456204,
      "std": 0.035160503682683135,
      "min": 0.2872737618378113,
      "max": 0.39212318580966155
    },
    "test_train_rmse_gap": {
      "mean": 1.1836051114229929,
      "std": 0.3099744956831322,
      "min": 0.7744346933543542,
      "max": 1.6953126035154222
    },
    "train_val_rmse_gap": {
      "mean": 1.1604143089212202,
      "std": 0.4220387969946083,
      "min": 0.45305850338993525,
      "max": 1.7428581863803119
    }
  },
  "note": "Each fit retrains from scratch on a new outer split. Test metrics are outer-fold held-out metrics."
}