{
  "train": {
    "prodigy": {
      "n": 80,
      "mae": 5.015570163726807,
      "rmse": 7.078374862670898,
      "r2": -4.967657089233398,
      "pearson": -0.18068032881055082
    },
    "direct_latent": {
      "n": 4,
      "mae": 10.299296379089355,
      "rmse": 10.475504875183105,
      "r2": -22.64559555053711,
      "pearson": 0.5781026383126533
    },
    "corrected_prodigy": {
      "n": 4,
      "mae": 3.4010515213012695,
      "rmse": 3.7914206981658936,
      "r2": -2.097449541091919,
      "pearson": 0.03872100041152594
    }
  },
  "test": {
    "prodigy": {
      "n": 20,
      "mae": 3.2556099891662598,
      "rmse": 5.22537088394165,
      "r2": -3.8498830795288086,
      "pearson": -0.18867787949553935
    },
    "direct_latent": {
      "n": 2,
      "mae": 7.104966163635254,
      "rmse": 7.347934246063232,
      "r2": -65.0566635131836,
      "pearson": -1.0
    },
    "corrected_prodigy": {
      "n": 2,
      "mae": 4.382937431335449,
      "rmse": 4.994024753570557,
      "r2": -29.513181686401367,
      "pearson": -1.0
    }
  }
}