{
  "train": {
    "prodigy": {
      "n": 52,
      "mae": 6.978108882904053,
      "rmse": 8.825976371765137,
      "r2": -46.71149444580078,
      "pearson": 0.04188171356935391
    },
    "mmgbsa": {
      "n": 0,
      "mae": NaN,
      "rmse": NaN,
      "r2": NaN,
      "pearson": NaN
    },
    "direct_latent": {
      "n": 44,
      "mae": 0.6758379936218262,
      "rmse": 1.3316012620925903,
      "r2": 0.008741021156311035,
      "pearson": 0.39324693779014247
    },
    "corrected_prodigy": {
      "n": 44,
      "mae": 1.7228102684020996,
      "rmse": 3.063652515411377,
      "r2": -4.2470808029174805,
      "pearson": -0.02824350783765353
    },
    "corrected_mmgbsa": {
      "n": 0,
      "mae": NaN,
      "rmse": NaN,
      "r2": NaN,
      "pearson": NaN
    }
  },
  "test": {
    "prodigy": {
      "n": 13,
      "mae": 7.672674179077148,
      "rmse": 10.499472618103027,
      "r2": -29.866668701171875,
      "pearson": -0.2679160951788748
    },
    "mmgbsa": {
      "n": 0,
      "mae": NaN,
      "rmse": NaN,
      "r2": NaN,
      "pearson": NaN
    },
    "direct_latent": {
      "n": 12,
      "mae": 2.0623910427093506,
      "rmse": 2.7596194744110107,
      "r2": -0.969347357749939,
      "pearson": -0.5267877266708728
    },
    "corrected_prodigy": {
      "n": 12,
      "mae": 6.201913356781006,
      "rmse": 7.629850387573242,
      "r2": -14.0541410446167,
      "pearson": -0.007056261333538175
    },
    "corrected_mmgbsa": {
      "n": 0,
      "mae": NaN,
      "rmse": NaN,
      "r2": NaN,
      "pearson": NaN
    }
  }
}