{
  "records_path": "src/bridging/generatedData/graphvae/PPB_Affinity_broad_pairuniq_train80_test20_views_force_mdiface_v3/md_closest_pair_patch/graph_records_full.pt",
  "out_dir": "src/bridging/generatedData/graphvae/PPB_Affinity_broad_pairuniq_train80_test20_resample_matrix_v1/full_SD_unsup_sd_dynamic_all_z16",
  "model_family": "vae_ridge",
  "mode": "SD",
  "supervision_mode": "unsupervised",
  "affinity_weight": 0.0,
  "target_policy": "sd_dynamic_all",
  "latent_dim": 16,
  "hidden_dim": 128,
  "num_layers": 3,
  "n_complexes": 1437,
  "n_repeats": 2,
  "n_splits": 5,
  "n_total_fits": 10,
  "val_fraction_of_trainval": 0.1875,
  "fold_metrics_csv": "src/bridging/generatedData/graphvae/PPB_Affinity_broad_pairuniq_train80_test20_resample_matrix_v1/full_SD_unsup_sd_dynamic_all_z16/resample_fold_metrics.csv",
  "metric_summary": {
    "train_rmse": {
      "mean": 2.6148252048511784,
      "std": 0.04944662858587692,
      "min": 2.5426778932992895,
      "max": 2.6911650047989895
    },
    "val_rmse": {
      "mean": 2.629299975779168,
      "std": 0.15026270832171187,
      "min": 2.299769904060438,
      "max": 2.819640937901893
    },
    "test_rmse": {
      "mean": 2.644073808030694,
      "std": 0.13205222768807684,
      "min": 2.4802456338995196,
      "max": 2.8374238241157808
    },
    "train_r2": {
      "mean": 0.030118706535904947,
      "std": 0.012175097579745454,
      "min": 0.009537999598586366,
      "max": 0.044827161598559484
    },
    "val_r2": {
      "mean": 0.0025362348692310353,
      "std": 0.02066190467743057,
      "min": -0.039044865385104766,
      "max": 0.029548458878330797
    },
    "test_r2": {
      "mean": 0.0013497411967311134,
      "std": 0.01675458426590456,
      "min": -0.02272608261817166,
      "max": 0.027917007219830703
    },
    "train_pearson_r": {
      "mean": 0.1800517025704405,
      "std": 0.03253133647540387,
      "min": 0.12144388324582794,
      "max": 0.21387027627172875
    },
    "val_pearson_r": {
      "mean": 0.10473230036394014,
      "std": 0.05043559584815814,
      "min": 0.03141930694352268,
      "max": 0.20078458249034734
    },
    "test_pearson_r": {
      "mean": 0.09805818065559756,
      "std": 0.04783473739092948,
      "min": 0.020221216208733524,
      "max": 0.1671853309449528
    },
    "test_train_rmse_gap": {
      "mean": 0.029248603179515786,
      "std": 0.1720200095319522,
      "min": -0.21091937089946988,
      "max": 0.29474593081649125
    },
    "train_val_rmse_gap": {
      "mean": 0.014474770927990033,
      "std": 0.17620934935263496,
      "min": -0.34581012145150414,
      "max": 0.22683722608403256
    }
  },
  "note": "Each fit retrains from scratch on a new outer split. Test metrics are outer-fold held-out metrics."
}