{
  "train": {
    "prodigy": {
      "n": 52,
      "mae": 6.978108882904053,
      "rmse": 8.825976371765137,
      "r2": -46.71149444580078,
      "pearson": 0.04188171356935391
    },
    "mmgbsa": {
      "n": 0,
      "mae": NaN,
      "rmse": NaN,
      "r2": NaN,
      "pearson": NaN
    },
    "direct_latent": {
      "n": 27,
      "mae": 0.7309291958808899,
      "rmse": 1.2371562719345093,
      "r2": 0.19902527332305908,
      "pearson": 0.45719145451219056
    },
    "corrected_prodigy": {
      "n": 27,
      "mae": 1.7966750860214233,
      "rmse": 3.12058424949646,
      "r2": -4.096141815185547,
      "pearson": -0.054674089463413206
    },
    "corrected_mmgbsa": {
      "n": 0,
      "mae": NaN,
      "rmse": NaN,
      "r2": NaN,
      "pearson": NaN
    }
  },
  "test": {
    "prodigy": {
      "n": 13,
      "mae": 7.672674179077148,
      "rmse": 10.499472618103027,
      "r2": -29.866668701171875,
      "pearson": -0.2679160951788748
    },
    "mmgbsa": {
      "n": 0,
      "mae": NaN,
      "rmse": NaN,
      "r2": NaN,
      "pearson": NaN
    },
    "direct_latent": {
      "n": 8,
      "mae": 3.298311710357666,
      "rmse": 4.085753440856934,
      "r2": -1.988081693649292,
      "pearson": -0.22334082110112385
    },
    "corrected_prodigy": {
      "n": 8,
      "mae": 6.529150009155273,
      "rmse": 9.167656898498535,
      "r2": -14.044052124023438,
      "pearson": -0.42595078635236644
    },
    "corrected_mmgbsa": {
      "n": 0,
      "mae": NaN,
      "rmse": NaN,
      "r2": NaN,
      "pearson": NaN
    }
  }
}