{
  "train": {
    "prodigy": {
      "n": 52,
      "mae": 6.978108882904053,
      "rmse": 8.825976371765137,
      "r2": -46.71149444580078,
      "pearson": 0.04188171356935391
    },
    "mmgbsa": {
      "n": 0,
      "mae": NaN,
      "rmse": NaN,
      "r2": NaN,
      "pearson": NaN
    },
    "direct_latent": {
      "n": 44,
      "mae": 1.034830927848816,
      "rmse": 2.6653308868408203,
      "r2": -2.9713759422302246,
      "pearson": 0.19389621653522116
    },
    "corrected_prodigy": {
      "n": 44,
      "mae": 3.2937538623809814,
      "rmse": 8.981146812438965,
      "r2": -44.09230041503906,
      "pearson": 0.07465560095108645
    },
    "corrected_mmgbsa": {
      "n": 0,
      "mae": NaN,
      "rmse": NaN,
      "r2": NaN,
      "pearson": NaN
    }
  },
  "test": {
    "prodigy": {
      "n": 13,
      "mae": 7.672674179077148,
      "rmse": 10.499472618103027,
      "r2": -29.866668701171875,
      "pearson": -0.2679160951788748
    },
    "mmgbsa": {
      "n": 0,
      "mae": NaN,
      "rmse": NaN,
      "r2": NaN,
      "pearson": NaN
    },
    "direct_latent": {
      "n": 12,
      "mae": 3.7552223205566406,
      "rmse": 6.234351634979248,
      "r2": -9.050935745239258,
      "pearson": -0.026477487253582312
    },
    "corrected_prodigy": {
      "n": 12,
      "mae": 10.050206184387207,
      "rmse": 21.883358001708984,
      "r2": -122.83740234375,
      "pearson": 0.06105372617623287
    },
    "corrected_mmgbsa": {
      "n": 0,
      "mae": NaN,
      "rmse": NaN,
      "r2": NaN,
      "pearson": NaN
    }
  }
}