{
  "records_path": "src/bridging/generatedData/graphvae/PPB_Affinity_broad_pairuniq_train80_test20_views_force_mdiface_v3/md_closest_pair_patch/graph_records_interface.pt",
  "out_dir": "src/bridging/generatedData/graphvae/PPB_Affinity_broad_pairuniq_train80_test20_resample_matrix_v1/iface_SD_semi_sd_static_plus_dynamic_all_z8",
  "model_family": "vae_ridge",
  "mode": "SD",
  "supervision_mode": "semi_supervised",
  "affinity_weight": 1.0,
  "target_policy": "sd_static_plus_dynamic_all",
  "latent_dim": 8,
  "hidden_dim": 128,
  "num_layers": 3,
  "n_complexes": 1437,
  "n_repeats": 2,
  "n_splits": 5,
  "n_total_fits": 10,
  "val_fraction_of_trainval": 0.1875,
  "fold_metrics_csv": "src/bridging/generatedData/graphvae/PPB_Affinity_broad_pairuniq_train80_test20_resample_matrix_v1/iface_SD_semi_sd_static_plus_dynamic_all_z8/resample_fold_metrics.csv",
  "metric_summary": {
    "train_rmse": {
      "mean": 1.8121533514149248,
      "std": 0.2616202575040955,
      "min": 1.433093788234423,
      "max": 2.1962376451418946
    },
    "val_rmse": {
      "mean": 2.6401469196301988,
      "std": 0.11539233164902206,
      "min": 2.519299817189265,
      "max": 2.88339952027352
    },
    "test_rmse": {
      "mean": 2.674326560829204,
      "std": 0.13242089024270706,
      "min": 2.4654194885208174,
      "max": 2.8444970945425307
    },
    "train_r2": {
      "mean": 0.524661186272707,
      "std": 0.1388962755014588,
      "min": 0.29193120944696915,
      "max": 0.712609232413056
    },
    "val_r2": {
      "mean": -0.011496103150853088,
      "std": 0.10497735545282996,
      "min": -0.24688166351132756,
      "max": 0.09858236416792932
    },
    "test_r2": {
      "mean": -0.024309116011915453,
      "std": 0.08209015041127599,
      "min": -0.2132244555609779,
      "max": 0.05968990167454824
    },
    "train_pearson_r": {
      "mean": 0.7182432730160351,
      "std": 0.09957762674558762,
      "min": 0.5405353179252269,
      "max": 0.8442304275351514
    },
    "val_pearson_r": {
      "mean": 0.3049478212393844,
      "std": 0.0746296071428184,
      "min": 0.11304990268622994,
      "max": 0.37445731105144786
    },
    "test_pearson_r": {
      "mean": 0.30393923834223013,
      "std": 0.05172697746782598,
      "min": 0.24440565504375292,
      "max": 0.38417389577150135
    },
    "test_train_rmse_gap": {
      "mean": 0.8621732094142793,
      "std": 0.3084116577704174,
      "min": 0.53270765162245,
      "max": 1.4114033063081077
    },
    "train_val_rmse_gap": {
      "mean": 0.8279935682152738,
      "std": 0.31735550255921596,
      "min": 0.39928162427826,
      "max": 1.2988792349088207
    }
  },
  "note": "Each fit retrains from scratch on a new outer split. Test metrics are outer-fold held-out metrics."
}