{
  "records_path": "src/bridging/generatedData/graphvae/PPB_Affinity_broad_pairuniq_train80_test20_views_force_mdiface_v3/md_closest_pair_patch/graph_records_interface.pt",
  "out_dir": "src/bridging/generatedData/graphvae/PPB_Affinity_broad_pairuniq_train80_test20_resample_matrix_v1/iface_SD_unsup_shared_static_z32",
  "model_family": "vae_ridge",
  "mode": "SD",
  "supervision_mode": "unsupervised",
  "affinity_weight": 0.0,
  "target_policy": "shared_static",
  "latent_dim": 32,
  "hidden_dim": 128,
  "num_layers": 3,
  "n_complexes": 1437,
  "n_repeats": 2,
  "n_splits": 5,
  "n_total_fits": 10,
  "val_fraction_of_trainval": 0.1875,
  "fold_metrics_csv": "src/bridging/generatedData/graphvae/PPB_Affinity_broad_pairuniq_train80_test20_resample_matrix_v1/iface_SD_unsup_shared_static_z32/resample_fold_metrics.csv",
  "metric_summary": {
    "train_rmse": {
      "mean": 2.607896332760588,
      "std": 0.06149405253122488,
      "min": 2.521098684123276,
      "max": 2.7225981846974494
    },
    "val_rmse": {
      "mean": 2.621918234833536,
      "std": 0.15556435295431909,
      "min": 2.257948999010314,
      "max": 2.812751523688041
    },
    "test_rmse": {
      "mean": 2.653000755666929,
      "std": 0.14380711463280288,
      "min": 2.481244572983087,
      "max": 2.9080261593211945
    },
    "train_r2": {
      "mean": 0.03528673353235652,
      "std": 0.020891331293448157,
      "min": 0.005359560986861744,
      "max": 0.06387888380478235
    },
    "val_r2": {
      "mean": 0.008395789889716409,
      "std": 0.021496562012171518,
      "min": -0.013971655445756515,
      "max": 0.05001856512599112
    },
    "test_r2": {
      "mean": -0.005135913536106684,
      "std": 0.023060908237222243,
      "min": -0.04020024640503661,
      "max": 0.033090791859083035
    },
    "train_pearson_r": {
      "mean": 0.1872748058040785,
      "std": 0.06434624500627696,
      "min": 0.08315615682563798,
      "max": 0.26059095453260495
    },
    "val_pearson_r": {
      "mean": 0.10172441999936258,
      "std": 0.08032686105887098,
      "min": -0.03666796347472287,
      "max": 0.2269651525162315
    },
    "test_pearson_r": {
      "mean": 0.08960123620396912,
      "std": 0.06358614820369754,
      "min": -0.02366264541564434,
      "max": 0.1833079563386671
    },
    "test_train_rmse_gap": {
      "mean": 0.045104422906340556,
      "std": 0.18667881502972308,
      "min": -0.24135361171436243,
      "max": 0.38692747519791837
    },
    "train_val_rmse_gap": {
      "mean": 0.014021902072948001,
      "std": 0.20331058161318358,
      "min": -0.4268269621272771,
      "max": 0.2228719055407531
    }
  },
  "note": "Each fit retrains from scratch on a new outer split. Test metrics are outer-fold held-out metrics."
}