{
  "records_path": "src/bridging/generatedData/graphvae/PPB_Affinity_broad_pairuniq_train80_test20_views_force_mdiface_v3/md_closest_pair_patch/graph_records_interface.pt",
  "out_dir": "src/bridging/generatedData/graphvae/PPB_Affinity_broad_pairuniq_train80_test20_resample_matrix_v1/iface_S_semi_shared_static_z8",
  "model_family": "vae_ridge",
  "mode": "S",
  "supervision_mode": "semi_supervised",
  "affinity_weight": 1.0,
  "target_policy": "shared_static",
  "latent_dim": 8,
  "hidden_dim": 128,
  "num_layers": 3,
  "n_complexes": 1437,
  "n_repeats": 2,
  "n_splits": 5,
  "n_total_fits": 10,
  "val_fraction_of_trainval": 0.1875,
  "fold_metrics_csv": "src/bridging/generatedData/graphvae/PPB_Affinity_broad_pairuniq_train80_test20_resample_matrix_v1/iface_S_semi_shared_static_z8/resample_fold_metrics.csv",
  "metric_summary": {
    "train_rmse": {
      "mean": 1.8022738176638726,
      "std": 0.36302762684473294,
      "min": 0.8999244396260299,
      "max": 2.2010641974197807
    },
    "val_rmse": {
      "mean": 2.5773311582709195,
      "std": 0.17744885641752456,
      "min": 2.2693142840954956,
      "max": 2.8125474743045116
    },
    "test_rmse": {
      "mean": 2.6041235146980966,
      "std": 0.10188256123657398,
      "min": 2.461274984433041,
      "max": 2.7691584304240076
    },
    "train_r2": {
      "mean": 0.523661613970366,
      "std": 0.15793496898500092,
      "min": 0.33744401094564613,
      "max": 0.8811145017494462
    },
    "val_r2": {
      "mean": 0.0397407628208602,
      "std": 0.08204455325160874,
      "min": -0.03641128287386519,
      "max": 0.18624912216405798
    },
    "test_r2": {
      "mean": 0.02820464514704111,
      "std": 0.07183422514354225,
      "min": -0.0764161298901671,
      "max": 0.12823077488592194
    },
    "train_pearson_r": {
      "mean": 0.7168983174106487,
      "std": 0.1050340164675471,
      "min": 0.5815305729373552,
      "max": 0.9386993528775356
    },
    "val_pearson_r": {
      "mean": 0.3437164285997715,
      "std": 0.06400423015039303,
      "min": 0.2751642101713931,
      "max": 0.4564286155130822
    },
    "test_pearson_r": {
      "mean": 0.3402491140634332,
      "std": 0.06112666976017669,
      "min": 0.2355019657724656,
      "max": 0.40750745128191374
    },
    "test_train_rmse_gap": {
      "mean": 0.8018496970342242,
      "std": 0.4083916326879349,
      "min": 0.3561591035349889,
      "max": 1.7720083187493323
    },
    "train_val_rmse_gap": {
      "mean": 0.7750573406070468,
      "std": 0.4401889590784555,
      "min": 0.3832857571398103,
      "max": 1.9126230346784818
    }
  },
  "note": "Each fit retrains from scratch on a new outer split. Test metrics are outer-fold held-out metrics."
}