{
  "train": {
    "prodigy": {
      "n": 52,
      "mae": 6.978108882904053,
      "rmse": 8.825976371765137,
      "r2": -46.71149444580078,
      "pearson": 0.04188171356935391
    },
    "mmgbsa": {
      "n": 0,
      "mae": NaN,
      "rmse": NaN,
      "r2": NaN,
      "pearson": NaN
    },
    "direct_latent": {
      "n": 44,
      "mae": 0.8205460906028748,
      "rmse": 1.7441227436065674,
      "r2": -0.7005634307861328,
      "pearson": 0.2574080295474971
    },
    "corrected_prodigy": {
      "n": 44,
      "mae": 2.8011698722839355,
      "rmse": 6.639143466949463,
      "r2": -23.64125633239746,
      "pearson": 0.015532433112222896
    },
    "corrected_mmgbsa": {
      "n": 0,
      "mae": NaN,
      "rmse": NaN,
      "r2": NaN,
      "pearson": NaN
    }
  },
  "test": {
    "prodigy": {
      "n": 13,
      "mae": 7.672674179077148,
      "rmse": 10.499472618103027,
      "r2": -29.866668701171875,
      "pearson": -0.2679160951788748
    },
    "mmgbsa": {
      "n": 0,
      "mae": NaN,
      "rmse": NaN,
      "r2": NaN,
      "pearson": NaN
    },
    "direct_latent": {
      "n": 12,
      "mae": 2.4231555461883545,
      "rmse": 3.1727566719055176,
      "r2": -1.6031394004821777,
      "pearson": 0.46246057645679184
    },
    "corrected_prodigy": {
      "n": 12,
      "mae": 7.852447986602783,
      "rmse": 10.932851791381836,
      "r2": -29.9094181060791,
      "pearson": 0.38906879396605487
    },
    "corrected_mmgbsa": {
      "n": 0,
      "mae": NaN,
      "rmse": NaN,
      "r2": NaN,
      "pearson": NaN
    }
  }
}