{
  "records_path": "src/bridging/generatedData/graphvae/PPB_Affinity_broad_pairuniq_train80_test20_views_force_mdiface_v3/md_closest_pair_patch/graph_records_interface.pt",
  "out_dir": "src/bridging/generatedData/graphvae/PPB_Affinity_broad_pairuniq_train80_test20_resample_matrix_v1/iface_SD_semi_sd_dynamic_all_z16",
  "model_family": "vae_ridge",
  "mode": "SD",
  "supervision_mode": "semi_supervised",
  "affinity_weight": 1.0,
  "target_policy": "sd_dynamic_all",
  "latent_dim": 16,
  "hidden_dim": 128,
  "num_layers": 3,
  "n_complexes": 1437,
  "n_repeats": 2,
  "n_splits": 5,
  "n_total_fits": 10,
  "val_fraction_of_trainval": 0.1875,
  "fold_metrics_csv": "src/bridging/generatedData/graphvae/PPB_Affinity_broad_pairuniq_train80_test20_resample_matrix_v1/iface_SD_semi_sd_dynamic_all_z16/resample_fold_metrics.csv",
  "metric_summary": {
    "train_rmse": {
      "mean": 1.6906174944211443,
      "std": 0.3050578078210068,
      "min": 0.9698690606398708,
      "max": 2.0129449469695344
    },
    "val_rmse": {
      "mean": 2.656287584635055,
      "std": 0.11039076597616997,
      "min": 2.4956623170795336,
      "max": 2.8024912407474067
    },
    "test_rmse": {
      "mean": 2.6365676292899822,
      "std": 0.07088697116084242,
      "min": 2.540249814641765,
      "max": 2.742263376892606
    },
    "train_r2": {
      "mean": 0.5813141776448222,
      "std": 0.13593364887924428,
      "min": 0.4032718413544468,
      "max": 0.8683715413298461
    },
    "val_r2": {
      "mean": -0.023761453614659134,
      "std": 0.10238983056249781,
      "min": -0.22626747797551272,
      "max": 0.09640328746923887
    },
    "test_r2": {
      "mean": 0.0031677488399962316,
      "std": 0.07399000823550704,
      "min": -0.14646709020786464,
      "max": 0.09254693052749008
    },
    "train_pearson_r": {
      "mean": 0.7580859185781123,
      "std": 0.08727295675129076,
      "min": 0.6354450169748861,
      "max": 0.9319480274306012
    },
    "val_pearson_r": {
      "mean": 0.3075270751762085,
      "std": 0.05922811986832407,
      "min": 0.21670384912713908,
      "max": 0.39040310973327436
    },
    "test_pearson_r": {
      "mean": 0.3297856534273866,
      "std": 0.045173174987950704,
      "min": 0.25234548147270564,
      "max": 0.38336197930333515
    },
    "test_train_rmse_gap": {
      "mean": 0.9459501348688379,
      "std": 0.2830440565591754,
      "min": 0.6477375127272422,
      "max": 1.5703807540018941
    },
    "train_val_rmse_gap": {
      "mean": 0.96567009021391,
      "std": 0.33298503056721723,
      "min": 0.5690485099401541,
      "max": 1.6709992372072409
    }
  },
  "note": "Each fit retrains from scratch on a new outer split. Test metrics are outer-fold held-out metrics."
}